NAME,Population,Households,Receipt of SNAP,Public Assist,ZIP,city,county,pop
ZCTA5 97535,5454,2289,355,355,97535,Phoenix,Jackson,5406
ZCTA5 97625,360,100,23,23,97625,Dairy,Klamath,387
ZCTA5 97626,58,58,0,0,97626,Fort Klamath,Klamath,45
ZCTA5 97637,126,54,5,5,97637,Plush,Lake,127
ZCTA5 97640,179,94,2,2,97640,Summer Lake,Lake,127
ZCTA5 97009,8198,2919,251,282,97009,Boring,Clackamas,8603
ZCTA5 97014,1589,710,264,264,97014,Cascade Locks,Hood River,1388
ZCTA5 97030,38980,14978,3339,3638,97030,Gresham,Multnomah,38358
ZCTA5 97039,494,202,31,35,97039,Moro,Sherman,552
ZCTA5 97042,2877,1023,99,99,97042,Mulino,Clackamas,2964
ZCTA5 97049,1725,809,89,97,97049,Rhododendron,Clackamas,1647
ZCTA5 97054,1368,603,35,35,97054,Deer Island,Columbia,1541
ZCTA5 97118,672,325,62,64,97118,Garibaldi,Tillamook,797
ZCTA5 97141,13557,5295,1005,1037,97141,Tillamook,Tillamook,14035
ZCTA5 97149,458,211,2,2,97149,Neskowin,Tillamook,721
ZCTA5 97201,17558,9310,1028,1096,97201,Portland,Multnomah,17993
ZCTA5 97216,17757,7001,1373,1401,97216,Portland,Multnomah,16965
ZCTA5 97331,2868,0,0,0,97331,Corvallis,Benton,2865
ZCTA5 97358,2610,1106,79,79,97358,Lyons,Linn,2488
ZCTA5 97034,20108,8155,225,278,97034,Lake Oswego,Clackamas,18656
ZCTA5 97048,7591,2737,621,639,97048,Rainier,Columbia,7756
ZCTA5 97056,12161,4672,488,635,97056,Scappoose,Columbia,11678
ZCTA5 97080,44907,15745,1749,1838,97080,Gresham,Multnomah,44335
ZCTA5 97103,17892,6910,1040,1097,97103,Astoria,Clatsop,17677
ZCTA5 97110,1286,577,128,136,97110,Cannon Beach,Clatsop,1166
ZCTA5 97114,4675,1473,256,280,97114,Dayton,Yamhill,5102
ZCTA5 97122,526,166,17,17,97122,Hebo,Tillamook,396
ZCTA5 97210,11395,6325,345,443,97210,Portland,Multnomah,11877
ZCTA5 97225,25965,11736,910,1177,97225,Portland,Washington,26095
ZCTA5 97453,882,378,77,77,97453,Mapleton,Lane,835
ZCTA5 97222,36904,16090,1912,2279,97222,Portland,Clackamas,36952
ZCTA5 97229,71529,25804,1451,1559,97229,Portland,Washington,69450
ZCTA5 97266,36818,13439,2993,3194,97266,Portland,Multnomah,35727
ZCTA5 97338,22449,8517,1494,1524,97338,Dallas,Polk,21880
ZCTA5 97344,1742,567,209,209,97344,Falls City,Polk,1491
ZCTA5 97368,3326,1388,303,303,97368,Otis,Lincoln,3319
ZCTA5 97376,1046,515,89,94,97376,Seal Rock,Lincoln,1254
ZCTA5 97383,10185,3859,557,577,97383,Stayton,Marion,10046
ZCTA5 97391,6399,2447,618,640,97391,Toledo,Lincoln,6012
ZCTA5 97411,7568,3411,631,633,97411,Bandon,Coos,7337
ZCTA5 97444,5974,2691,333,464,97444,Gold Beach,Curry,5643
ZCTA5 97448,13409,5255,708,766,97448,Junction City,Lane,13080
ZCTA5 97484,136,69,6,6,97484,Tiller,Douglas,178
ZCTA5 97486,668,324,4,4,97486,Umpqua,Douglas,663
ZCTA5 97496,7663,2967,674,674,97496,Winston,Douglas,7737
ZCTA5 97526,35302,14783,3640,3758,97526,Grants Pass,Josephine,35920
ZCTA5 97534,719,458,318,318,97534,O Brien,Josephine,927
ZCTA5 97537,7104,2879,673,690,97537,Rogue River,Jackson,7463
ZCTA5 97538,1809,719,108,108,97538,Selma,Josephine,1463
ZCTA5 97630,4797,2009,404,414,97630,Lakeview,Lake,4969
ZCTA5 97707,5970,2643,116,157,97707,Bend,Deschutes,6115
ZCTA5 97721,199,100,0,0,97721,Princeton,Harney,222
ZCTA5 97730,327,116,0,0,97730,Camp Sherman,Jefferson,222
ZCTA5 97732,113,46,0,0,97732,Crane,Harney,123
ZCTA5 97734,3606,1157,191,204,97734,Culver,Jefferson,3413
ZCTA5 97752,0,0,0,0,97752,Post,Crook,0
ZCTA5 97801,20859,7247,1722,1774,97801,Pendleton,Umatilla,20563
ZCTA5 97826,1274,452,35,35,97826,Echo,Umatilla,1144
ZCTA5 97827,2485,1109,149,171,97827,Elgin,Union,2407
ZCTA5 97833,673,338,37,37,97833,Haines,Baker,740
ZCTA5 97843,747,312,43,43,97843,Ione,Morrow,643
ZCTA5 97035,26721,10962,327,463,97035,Lake Oswego,Clackamas,26977
ZCTA5 97051,17126,6360,1580,1675,97051,Saint Helens,Columbia,16977
ZCTA5 97053,3633,1307,86,101,97053,Warren,Columbia,3248
ZCTA5 97067,2004,1058,206,221,97067,Welches,Clackamas,1745
ZCTA5 97101,4141,1390,215,224,97101,Amity,Yamhill,4278
ZCTA5 97351,11551,3511,781,792,97351,Independence,Polk,11150
ZCTA5 97378,10637,3349,558,639,97378,Sheridan,Yamhill,8442
ZCTA5 97394,5090,2423,502,522,97394,Waldport,Lincoln,5224
ZCTA5 97403,14024,4261,825,825,97403,Eugene,Lane,13398
ZCTA5 97413,944,475,113,123,97413,Blue River,Lane,944
ZCTA5 97414,154,73,0,0,97414,Broadbent,Coos,306
ZCTA5 97441,466,155,40,40,97441,Gardiner,Douglas,586
ZCTA5 97736,88,36,0,0,97736,Frenchglen,Harney,105
ZCTA5 97738,2045,823,142,149,97738,Hines,Harney,1772
ZCTA5 97739,13158,5416,1122,1122,97739,La Pine,Deschutes,12595
ZCTA5 97759,7530,3258,216,243,97759,Sisters,Deschutes,7896
ZCTA5 97812,832,340,69,69,97812,Arlington,Gilliam,909
ZCTA5 97813,1435,553,75,78,97813,Athena,Umatilla,1392
ZCTA5 97836,2148,914,107,107,97836,Heppner,Morrow,1941
ZCTA5 97481,875,346,147,147,97481,Tenmile,Douglas,757
ZCTA5 97504,48053,19656,3244,3339,97504,Medford,Jackson,47947
ZCTA5 97539,3296,1522,314,331,97539,Shady Cove,Jackson,3311
ZCTA5 97624,3519,1591,321,337,97624,Chiloquin,Klamath,3573
ZCTA5 97634,284,98,16,16,97634,Midland,Klamath,242
ZCTA5 97636,508,220,33,43,97636,Paisley,Lake,503
ZCTA5 97638,575,188,25,25,97638,Silver Lake,Lake,559
ZCTA5 97702,50395,20316,1750,1811,97702,Bend,Deschutes,50164
ZCTA5 97751,62,27,0,0,97751,Paulina,Crook,77
ZCTA5 97761,3631,1030,553,570,97761,Warm Springs,Jefferson,4181
ZCTA5 97817,55,7,0,0,97817,Bates,Grant,60
ZCTA5 97823,1014,539,89,89,97823,Condon,Gilliam,922
ZCTA5 97824,1853,722,45,51,97824,Cove,Union,1774
ZCTA5 97839,291,128,11,11,97839,Lexington,Morrow,283
ZCTA5 97841,540,195,8,8,97841,Imbler,Union,553
ZCTA5 97844,3803,1274,326,326,97844,Irrigon,Morrow,4133
ZCTA5 97846,1954,947,118,118,97846,Joseph,Wallowa,1878
ZCTA5 97859,230,72,15,15,97859,Meacham,Umatilla,151
ZCTA5 97862,12014,4462,1017,1071,97862,Milton Freewater,Umatilla,11949
ZCTA5 97875,2885,1059,122,134,97875,Stanfield,Umatilla,3126
ZCTA5 97882,7958,2258,464,502,97882,Umatilla,Umatilla,7972
ZCTA5 97904,249,117,10,17,97904,Drewsey,Harney,253
ZCTA5 97908,31,17,0,0,97908,Ironside,Malheur,38
ZCTA5 97810,1197,444,31,43,97810,Adams,Umatilla,1105
ZCTA5 97819,19,12,0,0,97819,Bridgeport,Baker,17
ZCTA5 97452,1518,594,53,53,97452,Lowell,Lane,1719
ZCTA5 97454,1136,411,50,50,97454,Marcola,Lane,1471
ZCTA5 97457,10365,4100,709,718,97457,Myrtle Creek,Douglas,10288
ZCTA5 97469,2789,1076,213,226,97469,Riddle,Douglas,2731
ZCTA5 97477,38073,16194,4530,4658,97477,Springfield,Lane,37535
ZCTA5 97487,9047,3581,963,970,97487,Veneta,Lane,9106
ZCTA5 97497,1502,744,237,243,97497,Wolf Creek,Josephine,1514
ZCTA5 97499,1869,821,206,206,97499,Yoncalla,Douglas,1839
ZCTA5 97116,27349,9534,1092,1194,97116,Forest Grove,Washington,27281
ZCTA5 97125,141,25,0,0,97125,Manning,Washington,281
ZCTA5 97130,528,297,7,19,97130,Manzanita,Tillamook,435
ZCTA5 97131,3065,1329,125,172,97131,Nehalem,Tillamook,2751
ZCTA5 97134,108,67,0,0,97134,Oceanside,Tillamook,290
ZCTA5 97144,138,74,16,16,97144,Timber,Washington,117
ZCTA5 97146,6980,2595,269,273,97146,Warrenton,Clatsop,6698
ZCTA5 97147,376,179,55,55,97147,Wheeler,Tillamook,349
ZCTA5 97202,43744,18194,1767,2023,97202,Portland,Multnomah,43371
ZCTA5 97218,14666,5500,942,987,97218,Portland,Multnomah,15191
ZCTA5 97227,5911,3150,400,404,97227,Portland,Multnomah,5146
ZCTA5 97303,41596,15214,2745,2843,97303,Salem,Marion,41173
ZCTA5 97325,6837,2296,410,410,97325,Aumsville,Marion,6997
ZCTA5 97327,3511,1373,216,231,97327,Brownsville,Linn,3386
ZCTA5 97007,71896,26407,2308,2585,97007,Beaverton,Washington,72299
ZCTA5 97019,3304,1198,70,70,97019,Corbett,Multnomah,3167
ZCTA5 97857,641,246,33,39,97857,Lostine,Wallowa,551
ZCTA5 97032,5210,1808,174,203,97032,Hubbard,Marion,5048
ZCTA5 97023,10481,4065,477,496,97023,Estacada,Clackamas,9968
ZCTA5 97476,357,148,0,0,97476,Sixes,Curry,343
ZCTA5 97493,300,125,24,24,97493,Westlake,Lane,367
ZCTA5 97603,29797,12200,2622,2772,97603,Klamath Falls,Klamath,29357
ZCTA5 97604,137,0,0,0,97604,Crater Lake,Klamath,135
ZCTA5 97633,1263,545,65,65,97633,Merrill,Klamath,1263
ZCTA5 97711,28,16,0,0,97711,Ashwood,Jefferson,32
ZCTA5 97233,38779,13657,4207,4636,97233,Portland,Multnomah,40477
ZCTA5 97236,39669,12817,3600,3931,97236,Portland,Multnomah,40892
ZCTA5 97305,44536,14176,3236,3312,97305,Salem,Marion,43917
ZCTA5 97329,107,56,42,42,97329,Cascadia,Linn,146
ZCTA5 97341,2628,1398,157,168,97341,Depoe Bay,Lincoln,2682
ZCTA5 97343,293,135,59,59,97343,Eddyville,Lincoln,222
ZCTA5 97347,1584,653,177,178,97347,Grand Ronde,Polk,1902
ZCTA5 97348,1533,587,73,73,97348,Halsey,Linn,1572
ZCTA5 97364,501,277,23,23,97364,Neotsu,Lincoln,464
ZCTA5 97390,891,614,377,377,97390,Tidewater,Lincoln,750
ZCTA5 97396,3753,1363,374,380,97396,Willamina,Yamhill,3384
ZCTA5 97406,355,162,80,80,97406,Agness,Curry,48
ZCTA5 97408,13761,5787,677,715,97408,Eugene,Lane,13360
ZCTA5 97909,0,0,0,0,97909,Jamieson,Malheur,97
ZCTA5 97920,36,19,0,0,97920,Westfall,Malheur,73
ZCTA5 97008,30485,12581,1019,1083,97008,Beaverton,Washington,29916
ZCTA5 97020,1197,418,45,45,97020,Donald,Marion,918
ZCTA5 97026,3926,951,141,141,97026,Gervais,Marion,4468
ZCTA5 97027,12984,4928,652,727,97027,Gladstone,Clackamas,12521
ZCTA5 97045,56558,20332,2108,2242,97045,Oregon City,Clackamas,56250
ZCTA5 97050,211,109,23,23,97050,Rufus,Sherman,173
ZCTA5 97062,28740,11007,710,873,97062,Tualatin,Washington,28694
ZCTA5 97068,30085,11267,462,588,97068,West Linn,Clackamas,29582
ZCTA5 97127,4222,1377,324,330,97127,Lafayette,Yamhill,4149
ZCTA5 97031,18643,7331,711,719,97031,Hood River,Hood River,18902
ZCTA5 97392,5695,1974,110,110,97392,Turner,Marion,7011
ZCTA5 97404,34126,13222,2348,2481,97404,Eugene,Lane,34616
ZCTA5 97405,45184,19350,2531,2787,97405,Eugene,Lane,45250
ZCTA5 97410,566,278,5,5,97410,Azalea,Douglas,637
ZCTA5 97415,13857,6462,757,805,97415,Brookings,Curry,14182
ZCTA5 97416,1241,404,47,52,97416,Camas Valley,Douglas,1349
ZCTA5 97430,394,160,38,38,97430,Deadwood,Lane,349
ZCTA5 97435,2170,934,118,122,97435,Drain,Douglas,2135
ZCTA5 97439,15101,7552,1048,1122,97439,Florence,Lane,14713
ZCTA5 97442,2319,1052,252,252,97442,Glendale,Douglas,2047
ZCTA5 97443,2939,1006,243,243,97443,Glide,Douglas,2135
ZCTA5 97446,5826,1991,384,391,97446,Harrisburg,Linn,6106
ZCTA5 97447,485,210,63,63,97447,Idleyld Park,Douglas,590
ZCTA5 97070,25163,10007,671,849,97070,Wilsonville,Clackamas,25101
ZCTA5 97071,31034,10001,1922,2060,97071,Woodburn,Marion,29796
ZCTA5 97102,328,183,0,0,97102,Arch Cape,Clatsop,318
ZCTA5 97108,518,221,28,28,97108,Beaver,Tillamook,640
ZCTA5 97117,727,255,36,43,97117,Gales Creek,Washington,719
ZCTA5 97121,1352,553,73,73,97121,Hammond,Clatsop,1402
ZCTA5 97124,56101,20864,1628,2029,97124,Hillsboro,Washington,55170
ZCTA5 97128,38246,14389,3243,3455,97128,Mcminnville,Yamhill,37993
ZCTA5 97135,1016,408,57,57,97135,Pacific City,Tillamook,716
ZCTA5 97136,1909,823,154,158,97136,Rockaway Beach,Tillamook,1590
ZCTA5 97213,32815,14667,1431,1707,97213,Portland,Multnomah,33011
ZCTA5 97217,34881,14838,2008,2053,97217,Portland,Multnomah,34709
ZCTA5 97220,29318,11615,2359,2460,97220,Portland,Multnomah,29629
ZCTA5 97221,12104,4997,264,303,97221,Portland,Multnomah,12467
ZCTA5 97006,74152,27309,2858,3039,97006,Beaverton,Washington,74070
ZCTA5 97038,15504,5522,960,982,97038,Molalla,Clackamas,15676
ZCTA5 97055,18600,6831,869,895,97055,Sandy,Clackamas,18923
ZCTA5 97058,20627,8101,1850,1910,97058,The Dalles,Wasco,20619
ZCTA5 97064,3244,1357,296,300,97064,Vernonia,Columbia,3167
ZCTA5 97106,4942,1656,123,136,97106,Banks,Washington,4908
ZCTA5 97107,2302,922,172,177,97107,Bay City,Tillamook,1828
ZCTA5 97109,736,220,11,11,97109,Buxton,Washington,538
ZCTA5 97112,1688,767,132,132,97112,Cloverdale,Tillamook,1867
ZCTA5 97115,4021,1384,147,147,97115,Dundee,Yamhill,4008
ZCTA5 97140,25778,8739,203,254,97140,Sherwood,Washington,26248
ZCTA5 97148,3553,1096,76,106,97148,Yamhill,Yamhill,4288
ZCTA5 97219,43274,17694,932,1162,97219,Portland,Multnomah,42528
ZCTA5 97230,39900,15326,2383,2589,97230,Portland,Multnomah,39776
ZCTA5 97459,14434,5737,1247,1247,97459,North Bend,Coos,13643
ZCTA5 97470,18659,8589,1748,1813,97470,Roseburg,Douglas,19785
ZCTA5 97478,40357,14735,2598,2780,97478,Springfield,Lane,39939
ZCTA5 97480,291,137,46,46,97480,Swisshome,Lane,333
ZCTA5 97489,873,384,30,30,97489,Walterville,Lane,785
ZCTA5 97492,1071,509,113,115,97492,Westfir,Lane,667
ZCTA5 97502,28769,11211,1447,1557,97502,Central Point,Jackson,28975
ZCTA5 97520,25345,11717,1356,1444,97520,Ashland,Jackson,25177
ZCTA5 97524,15174,6002,521,607,97524,Eagle Point,Jackson,14974
ZCTA5 97527,37120,15275,3274,3350,97527,Grants Pass,Josephine,36180
ZCTA5 97530,7806,3451,155,155,97530,Jacksonville,Jackson,6913
ZCTA5 97532,2621,1105,157,180,97532,Merlin,Josephine,2562
ZCTA5 97137,1087,357,14,19,97137,St. Paul,Marion,1385
ZCTA5 97324,1495,632,193,193,97324,Alsea,Benton,1322
ZCTA5 97057,12,6,0,0,97057,Shaniko,Wasco,9
ZCTA5 97208,0,0,0,0,97208,Portland,Multnomah,0
ZCTA5 97369,139,67,8,8,97369,Otter Rock,Lincoln,187
ZCTA5 97373,178,0,0,0,97373,Saint Benedict,Marion,196
ZCTA5 97384,67,34,0,0,97384,Mehama,Marion,0
ZCTA5 97388,1014,460,17,17,97388,Gleneden Beach,Lincoln,790
ZCTA5 97494,51,51,0,0,97494,Wilbur,Douglas,67
ZCTA5 97495,1568,681,65,65,97495,Winchester,Douglas,1673
ZCTA5 97820,985,443,44,49,97820,Canyon City,Grant,899
ZCTA5 97830,660,342,53,53,97830,Fossil,Wheeler,642
ZCTA5 97834,1116,571,150,159,97834,Halfway,Baker,904
ZCTA5 97911,106,60,2,2,97911,Juntura,Malheur,69
ZCTA5 97840,168,48,0,0,97840,Oxbow,Baker,216
ZCTA5 97868,1718,676,110,110,97868,Pilot Rock,Umatilla,1781
ZCTA5 97330,43155,17954,1870,1949,97330,Corvallis,Benton,42956
ZCTA5 97342,80,49,5,5,97342,Detroit,Marion,89
ZCTA5 97345,549,192,55,55,97345,Foster,Linn,731
ZCTA5 97352,6860,2037,363,367,97352,Jefferson,Marion,6518
ZCTA5 97361,12528,3985,844,923,97361,Monmouth,Polk,12297
ZCTA5 97365,11338,4766,1066,1103,97365,Newport,Lincoln,11348
ZCTA5 97386,15584,5878,1517,1581,97386,Sweet Home,Linn,14693
ZCTA5 97401,47985,21770,3260,3385,97401,Eugene,Lane,45830
ZCTA5 97402,52481,21782,5365,5520,97402,Eugene,Lane,52310
ZCTA5 97417,2249,1093,316,327,97417,Canyonville,Douglas,2407
ZCTA5 97419,892,385,74,74,97419,Cheshire,Lane,1074
ZCTA5 97437,2489,928,163,163,97437,Elmira,Lane,2939
ZCTA5 97438,1127,424,69,69,97438,Fall Creek,Lane,1084
ZCTA5 97223,51513,20246,1663,2153,97223,Portland,Washington,50585
ZCTA5 97224,35949,14893,1149,1253,97224,Portland,Washington,35434
ZCTA5 97302,40113,17021,2355,2548,97302,Salem,Marion,38706
ZCTA5 97346,1087,393,72,72,97346,Gates,Marion,988
ZCTA5 97355,31118,12014,2323,2393,97355,Lebanon,Linn,30364
ZCTA5 97374,4394,1817,120,148,97374,Scio,Linn,4521
ZCTA5 97381,16420,5739,700,831,97381,Silverton,Marion,16158
ZCTA5 97412,681,230,36,36,97412,Blachly,Lane,518
ZCTA5 97431,2289,745,218,218,97431,Dexter,Lane,2341
ZCTA5 97436,740,338,60,60,97436,Elkton,Douglas,698
ZCTA5 97455,3184,991,78,90,97455,Pleasant Hill,Lane,3175
ZCTA5 97463,3801,1658,646,659,97463,Oakridge,Lane,3899
ZCTA5 97473,293,143,6,16,97473,Scottsburg,Douglas,254
ZCTA5 97536,1151,511,118,121,97536,Prospect,Jackson,1031
ZCTA5 97540,8554,3886,792,802,97540,Talent,Jackson,8484
ZCTA5 97601,23020,10107,2654,2750,97601,Klamath Falls,Klamath,22726
ZCTA5 97818,4352,1433,272,280,97818,Boardman,Morrow,4244
ZCTA5 97639,479,177,85,101,97639,Sprague River,Klamath,659
ZCTA5 97712,65,20,0,0,97712,Brothers,Deschutes,86
ZCTA5 97753,2594,1021,111,148,97753,Powell Butte,Crook,2570
ZCTA5 97869,944,448,79,85,97869,Prairie City,Grant,930
ZCTA5 97877,334,203,36,36,97877,Sumpter,Baker,282
ZCTA5 97870,644,318,13,13,97870,Richland,Baker,798
ZCTA5 97828,3135,1429,198,203,97828,Enterprise,Wallowa,3162
ZCTA5 97016,6329,2615,442,450,97016,Clatskanie,Columbia,6224
ZCTA5 97267,33250,13886,1520,1566,97267,Portland,Clackamas,33636
ZCTA5 97461,823,372,73,73,97461,Noti,Lane,834
ZCTA5 97884,103,62,4,5,97884,Unity,Baker,129
ZCTA5 97449,1955,1004,144,144,97449,Lakeside,Coos,2170
ZCTA5 97501,47160,18685,4909,4918,97501,Medford,Jackson,45993
ZCTA5 97531,307,134,0,0,97531,Kerby,Josephine,578
ZCTA5 97627,558,206,7,7,97627,Keno,Klamath,638
ZCTA5 97758,76,32,8,8,97758,Riley,Harney,89
ZCTA5 97063,727,374,47,59,97063,Tygh Valley,Wasco,900
ZCTA5 97024,10014,4565,664,705,97024,Fairview,Multnomah,10344
ZCTA5 97028,162,127,0,0,97028,Government Camp,Clackamas,192
ZCTA5 97041,3084,882,166,166,97041,Mount Hood Parkdale,Hood River,2979
ZCTA5 97060,22133,6933,853,938,97060,Troutdale,Multnomah,22471
ZCTA5 97111,3441,1222,102,102,97111,Carlton,Yamhill,3572
ZCTA5 97119,5309,1749,185,204,97119,Gaston,Washington,4527
ZCTA5 97145,298,186,0,0,97145,Tolovana Park,Clatsop,352
ZCTA5 97203,34759,12805,2162,2340,97203,Portland,Multnomah,34890
ZCTA5 97206,54248,21211,2858,3270,97206,Portland,Multnomah,52996
ZCTA5 97209,19824,13633,1930,2176,97209,Portland,Multnomah,18982
ZCTA5 97211,35738,14336,1709,1803,97211,Portland,Multnomah,35429
ZCTA5 97214,28348,14052,1312,1493,97214,Portland,Multnomah,26853
ZCTA5 97231,3975,1675,99,109,97231,Portland,Multnomah,3957
ZCTA5 97304,32435,12593,1493,1604,97304,Salem,Polk,31863
ZCTA5 97306,32741,12387,1211,1399,97306,Salem,Marion,32416
ZCTA5 97357,194,120,0,0,97357,Logsden,Lincoln,174
ZCTA5 97366,1980,880,107,128,97366,South Beach,Lincoln,1772
ZCTA5 97371,592,304,93,93,97371,Rickreall,Polk,659
ZCTA5 97385,3355,1355,47,47,97385,Sublimity,Marion,3151
ZCTA5 97389,1929,699,75,75,97389,Tangent,Linn,1858
ZCTA5 97424,18361,7310,1819,2032,97424,Cottage Grove,Lane,17909
ZCTA5 97426,9987,3758,503,511,97426,Creswell,Lane,10119
ZCTA5 97434,903,296,70,70,97434,Dorena,Lane,959
ZCTA5 97458,4488,2072,559,576,97458,Myrtle Point,Coos,4390
ZCTA5 97462,4014,1669,313,313,97462,Oakland,Douglas,3730
ZCTA5 97465,1838,1055,402,402,97465,Port Orford,Curry,2021
ZCTA5 97466,1197,450,132,132,97466,Powers,Coos,1272
ZCTA5 97488,1165,474,64,69,97488,Vida,Lane,1219
ZCTA5 97490,439,132,35,35,97490,Walton,Lane,257
ZCTA5 97503,13008,4364,886,898,97503,White City,Jackson,12819
ZCTA5 97522,650,270,69,69,97522,Butte Falls,Jackson,588
ZCTA5 97523,5885,2771,817,836,97523,Cave Junction,Josephine,5485
ZCTA5 97543,482,198,8,8,97543,Wilderville,Josephine,600
ZCTA5 97544,2594,1066,93,93,97544,Williams,Josephine,2606
ZCTA5 97731,458,208,85,85,97731,Chemult,Klamath,371
ZCTA5 97754,20985,8913,1674,1748,97754,Prineville,Crook,20270
ZCTA5 97620,106,75,9,9,97620,Adel,Lake,177
ZCTA5 97621,260,126,42,42,97621,Beatty,Klamath,150
ZCTA5 97622,335,166,58,58,97622,Bly,Klamath,458
ZCTA5 97623,2672,1161,240,240,97623,Bonanza,Klamath,2566
ZCTA5 97710,102,52,0,0,97710,Fields,Harney,115
ZCTA5 97720,4383,1944,401,406,97720,Burns,Harney,4435
ZCTA5 97735,48,37,0,0,97735,Fort Rock,Lake,97
ZCTA5 97360,2415,901,209,218,97360,Mill City,Linn,2458
ZCTA5 97362,4322,1540,239,239,97362,Mount Angel,Marion,4287
ZCTA5 97367,10023,4514,808,824,97367,Lincoln City,Lincoln,9746
ZCTA5 97370,8861,3314,260,283,97370,Philomath,Benton,8695
ZCTA5 97380,2272,818,261,261,97380,Siletz,Lincoln,2583
ZCTA5 97456,3056,1200,218,218,97456,Monroe,Benton,2826
ZCTA5 97632,1731,531,106,110,97632,Malin,Klamath,1571
ZCTA5 97865,1511,680,99,99,97865,Mount Vernon,Grant,1091
ZCTA5 97873,274,140,8,9,97873,Seneca,Grant,295
ZCTA5 97876,1034,357,34,34,97876,Summerville,Union,960
ZCTA5 97880,367,167,53,62,97880,Ukiah,Umatilla,338
ZCTA5 97886,990,348,67,67,97886,Weston,Umatilla,1256
ZCTA5 97901,710,269,36,36,97901,Adrian,Malheur,710
ZCTA5 97903,21,10,0,0,97903,Brogan,Malheur,51
ZCTA5 97420,27906,12092,2801,2853,97420,Coos Bay,Coos,27926
ZCTA5 97040,1725,616,22,22,97040,Mosier,Wasco,1623
ZCTA5 97132,29851,10602,881,964,97132,Newberg,Yamhill,29732
ZCTA5 97232,14140,7996,790,993,97232,Portland,Multnomah,13706
ZCTA5 97033,42,26,0,0,97033,Kent,Sherman,50
ZCTA5 97333,23493,9775,1062,1108,97333,Corvallis,Benton,23302
ZCTA5 97377,827,297,0,0,97377,Shedd,Linn,967
ZCTA5 97423,6521,3006,585,621,97423,Coquille,Coos,6670
ZCTA5 97837,83,57,0,0,97837,Hereford,Baker,60
ZCTA5 97856,357,205,34,34,97856,Long Creek,Grant,358
ZCTA5 97205,7679,5286,1515,1545,97205,Portland,Multnomah,7462
ZCTA5 97301,57194,19310,5657,6034,97301,Salem,Marion,56196
ZCTA5 97375,1241,395,31,50,97375,Scotts Mills,Marion,1477
ZCTA5 97429,881,355,61,61,97429,Days Creek,Douglas,746
ZCTA5 97467,5017,2242,407,407,97467,Reedsport,Douglas,5014
ZCTA5 97541,1720,691,203,203,97541,Trail,Jackson,1559
ZCTA5 97450,508,272,25,25,97450,Langlois,Curry,413
ZCTA5 97451,464,167,14,14,97451,Lorane,Lane,391
ZCTA5 97479,9876,4410,811,860,97479,Sutherlin,Douglas,9710
ZCTA5 97498,1830,868,86,86,97498,Yachats,Lincoln,1673
ZCTA5 97525,4293,1909,204,253,97525,Gold Hill,Jackson,4350
ZCTA5 97635,164,94,28,28,97635,New Pine Creek,Lake,170
ZCTA5 97641,1440,783,116,116,97641,Christmas Valley,Lake,1196
ZCTA5 97701,74255,29648,2498,2619,97701,Bend,Deschutes,69499
ZCTA5 97722,54,25,0,0,97722,Diamond,Harney,65
ZCTA5 97733,462,239,81,81,97733,Crescent,Klamath,391
ZCTA5 97737,467,236,23,23,97737,Gilchrist,Klamath,591
ZCTA5 97741,12791,4430,1507,1535,97741,Madras,Jefferson,12608
ZCTA5 97750,340,157,18,18,97750,Mitchell,Wheeler,354
ZCTA5 97756,39342,15252,2474,2690,97756,Redmond,Deschutes,38844
ZCTA5 97760,7364,3076,369,380,97760,Terrebonne,Deschutes,6872
ZCTA5 97906,262,95,12,12,97906,Harper,Malheur,317
ZCTA5 97913,5007,1777,430,434,97913,Nyssa,Malheur,4875
ZCTA5 97015,24332,9403,1293,1345,97015,Clackamas,Clackamas,23633
ZCTA5 97037,805,399,67,67,97037,Maupin,Wasco,975
ZCTA5 97065,626,275,56,56,97065,Wasco,Sherman,598
ZCTA5 97113,14689,4919,368,450,97113,Cornelius,Washington,14918
ZCTA5 97123,49522,16231,1851,2065,97123,Hillsboro,Washington,49317
ZCTA5 97133,4948,1813,76,85,97133,North Plains,Washington,4734
ZCTA5 97138,10799,4700,846,1022,97138,Seaside,Clatsop,10693
ZCTA5 97326,1397,489,72,72,97326,Blodgett,Benton,1205
ZCTA5 97204,1162,512,234,234,97204,Portland,Multnomah,1036
ZCTA5 97212,28770,11547,1056,1270,97212,Portland,Multnomah,26562
ZCTA5 97215,17354,7356,762,820,97215,Portland,Multnomah,18934
ZCTA5 97321,27131,10407,1310,1393,97321,Albany,Linn,26995
ZCTA5 97350,149,54,14,18,97350,Idanha,Marion,210
ZCTA5 97814,12269,5275,930,941,97814,Baker City,Baker,12348
ZCTA5 97835,421,180,19,19,97835,Helix,Umatilla,264
ZCTA5 97867,975,368,102,115,97867,North Powder,Union,811
ZCTA5 97874,431,184,25,27,97874,Spray,Wheeler,444
ZCTA5 97905,91,44,29,29,97905,Durkee,Baker,85
ZCTA5 97907,546,238,72,72,97907,Huntington,Baker,501
ZCTA5 97918,4533,1652,411,428,97918,Vale,Malheur,4224
ZCTA5 97850,17388,7071,1544,1632,97850,La Grande,Union,17294
ZCTA5 97864,260,168,15,15,97864,Monument,Grant,226
ZCTA5 97910,626,214,17,36,97910,Jordan Valley,Malheur,526
ZCTA5 97004,3964,1651,75,95,97004,Beavercreek,Clackamas,4241
ZCTA5 97017,3787,1245,232,246,97017,Colton,Clackamas,3407
ZCTA5 97021,1283,553,51,53,97021,Dufur,Wasco,1012
ZCTA5 97845,2152,1062,197,197,97845,John Day,Grant,2835
ZCTA5 97825,336,170,9,9,97825,Dayville,Grant,248
ZCTA5 97838,26071,8938,1836,1854,97838,Hermiston,Umatilla,26153
ZCTA5 97842,91,54,6,6,97842,Imnaha,Wallowa,118
ZCTA5 97848,236,90,2,2,97848,Kimberly,Grant,192
ZCTA5 97883,2256,974,144,152,97883,Union,Union,2526
ZCTA5 97885,1244,519,54,54,97885,Wallowa,Wallowa,1295
ZCTA5 97914,19281,5945,1859,1887,97914,Ontario,Malheur,19400
ZCTA5 97029,313,115,24,28,97029,Grass Valley,Sherman,269
ZCTA5 97001,385,82,29,42,97001,Antelope,Wasco,338
ZCTA5 97013,24396,8505,1075,1187,97013,Canby,Clackamas,24138
ZCTA5 97022,3918,1532,228,228,97022,Eagle Creek,Clackamas,3386
ZCTA5 97002,6418,2270,273,306,97002,Aurora,Marion,6657
ZCTA5 97005,27393,11850,1965,2069,97005,Beaverton,Washington,26329
ZCTA5 97011,813,370,36,36,97011,Brightwood,Clackamas,840
ZCTA5 97018,1696,715,45,45,97018,Columbia City,Columbia,1789
